rank,url,air_date
1,https://bangumi.tv/subject/326,2004年1月1日
2,https://bangumi.tv/subject/876,2008年10月2日
3,https://bangumi.tv/subject/253,1998年10月23日
4,https://bangumi.tv/subject/25961,1940年2月10日
5,https://bangumi.tv/subject/324,2002年10月1日
6,https://bangumi.tv/subject/237,1995年11月18日
7,https://bangumi.tv/subject/6049,1997年7月19日
8,https://bangumi.tv/subject/1728,1999年2月20日
9,https://bangumi.tv/subject/10380,2011年4月6日
10,https://bangumi.tv/subject/211567,2017年10月14日
11,https://bangumi.tv/subject/265,1995年10月4日
12,https://bangumi.tv/subject/1428,2009年4月5日
13,https://bangumi.tv/subject/2907,1988年1月8日
14,https://bangumi.tv/subject/321,1993年8月7日
15,https://bangumi.tv/subject/110467,2014年10月9日
16,https://bangumi.tv/subject/238,2004年3月6日
17,https://bangumi.tv/subject/839,1998年2月28日
18,https://bangumi.tv/subject/3375,2010年2月6日
19,https://bangumi.tv/subject/340,2005年10月22日
20,https://bangumi.tv/subject/11834,2011年4月4日
21,https://bangumi.tv/subject/840,2001年7月28日
22,https://bangumi.tv/subject/263750,2019年4月28日
23,https://bangumi.tv/subject/247,2006年4月4日
24,https://bangumi.tv/subject/216371,2018年4月21日
